log_income,education,experience,region
3.7998162131120665,13.0,16.876470663092405,西部
3.289452880590486,9.0,29.691887331140066,东部
2.7691477927630403,9.0,27.541605478717468,东部
3.1560475349600243,10.0,11.061307183804896,西部
3.233495311183486,15.0,0.8209405209889659,西部
4.2623284759492375,16.0,21.50360432124179,东部
4.395019011724635,16.0,26.92452962705956,西部
4.221036842466727,15.0,,西部
4.6375415534145645,20.0,32.440865276052065,西部
3.0253317058283202,9.0,10.066025591936587,东部
3.8473908387179545,12.0,34.239065270839774,西部
4.099145959965639,16.0,0.8034218740029853,东部
3.498175233941553,12.0,13.650587193439973,东部
4.704693371781943,15.0,19.903584851611953,东部
3.144164412315929,9.0,13.037596021677679,东部
4.124542015513971,17.0,18.276228339866503,东部
3.758954696158776,12.0,32.3836409966184,东部
3.7064531948020227,11.0,13.612395903447771,东部
3.393833147234596,16.0,2.5916127028598805,东部
3.735763249227469,13.0,27.481011031282886,西部
4.4811323015975875,15.0,28.469659963930038,东部
3.767780291256489,14.0,19.042671218608234,西部
4.030797632209756,17.0,30.726205186466952,东部
4.472644988118981,19.0,32.29521403821333,西部
4.371339259526443,20.0,30.45066130237553,西部
3.905987459639395,11.0,9.619657122128475,东部
3.289984292781225,18.0,0.2922136821639548,东部
4.4005021238794955,20.0,16.320199563191828,东部
3.7321959892480416,13.0,15.138719279755064,西部
3.6448339404399572,13.0,24.801514724734673,东部
3.515083663893308,16.0,14.829886670857801,西部
4.628211495700818,18.0,18.128676355418627,东部
3.313313739582098,14.0,7.955482732386644,东部
3.970720171246884,19.0,19.341025668622525,西部
3.957494823416397,15.0,16.401177234195004,西部
4.24121158321249,12.0,26.99301040421007,西部
2.789583552939281,9.0,11.17773458564162,西部
3.740237701998856,10.0,24.391342238180844,东部
3.769742094190669,9.0,23.35818871195629,西部
3.095565675781156,10.0,4.210041422673284,东部
3.893831033954676,16.0,6.2040159086805895,西部
3.54348986666339,12.0,6.510583606061571,东部
3.377279759468292,9.0,14.214217420965554,西部
3.459808618319939,10.0,29.913144209745507,西部
3.60381481367932,15.0,2.4354773624125094,西部
3.998280953437174,13.0,9.100580876977075,西部
3.3320647478408127,9.0,21.116226693350253,西部
4.149767499935727,10.0,18.37486235102204,西部
4.303609426734355,18.0,33.08559294740524,东部
3.2190969754347196,11.0,2.6415535988820738,东部
4.159426582930507,17.0,5.889675080408822,西部
3.7399514373985268,15.0,16.612819036900557,西部
4.329115586600392,19.0,6.158923587256739,东部
3.0510971197365055,10.0,2.222058315621098,东部
3.873780013071194,16.0,14.88162560144031,西部
3.7870499978583503,10.0,32.580272532403434,西部
4.641281794654746,16.0,27.721450598459658,东部
3.905374498546481,19.0,12.36208721918788,东部
3.1952086625580307,9.0,21.67536143073458,西部
4.604187653743128,15.0,23.843931453959595,西部
4.601982969264604,20.0,25.565570889331415,西部
2.5965399859874196,13.0,4.062033057209398,西部
4.022256953213981,14.0,20.713921734438795,西部
3.709011932586564,15.0,10.137008794250324,东部
3.9767653082341545,11.0,27.629836788145184,东部
3.683335864321106,10.0,21.531216908344273,西部
3.758536394404663,12.0,19.179729995572444,西部
4.442034080156799,17.0,18.122682486313533,东部
4.7816137914494075,17.0,31.9063692542997,东部
4.747191134825743,17.0,23.11798912462563,西部
4.086371947062619,17.0,25.077293528468903,东部
4.388907605526929,19.0,14.735787277722839,西部
3.877157689818032,18.0,13.926388705746135,东部
3.957061124903474,10.0,29.634280165304887,西部
4.147249067624633,19.0,8.99545664389468,西部
4.192357051624392,20.0,20.043512034233014,东部
3.945286552578632,17.0,14.049069580971603,西部
4.242299690364801,16.0,31.596949162589247,西部
3.988766089301775,13.0,22.093847106053513,西部
3.5128088705194913,15.0,1.4148478656795,东部
4.3165213122666115,15.0,31.830767287713417,西部
4.519240648493752,19.0,8.767849048536661,东部
3.5317879553942215,12.0,15.642155521352683,东部
3.9729637784157767,19.0,25.149582954716173,东部
3.719236059731429,11.0,23.44919163413908,东部
4.02885155512747,20.0,20.481391759244584,东部
4.013146962312676,12.0,31.63812805264336,东部
3.9146437795823026,15.0,13.964230817194709,西部
3.396994979170906,10.0,,东部
4.877671956276751,18.0,21.349808450453956,东部
4.264795736174549,12.0,28.017508989134956,东部
2.99320277274749,11.0,17.237472498325186,西部
3.7552025453964157,15.0,29.25043785352837,西部
4.640691207120093,20.0,26.49847962036798,西部
3.5652401563942107,11.0,0.03086423595350829,东部
3.490786957037439,10.0,19.323620079993884,东部
4.622521788658091,18.0,27.102172108981996,东部
3.2633039406250166,10.0,24.987444177758395,东部
4.228854861333135,20.0,11.078932213854463,东部
3.893995716185409,12.0,31.296165039226707,东部
3.743097866355919,15.0,7.624100024157882,东部
3.5366464785078016,13.0,14.143424626692275,东部
3.8519529676203197,15.0,0.9718339335127568,东部
3.3528324727526413,9.0,10.248687637496529,东部
3.2405767346648005,12.0,4.795501864052963,西部
4.303484286170413,14.0,26.175746865714775,东部
4.286700803258591,19.0,22.51096917443554,西部
4.781315419479594,19.0,33.183755697108154,西部
4.03917829511512,15.0,22.7828962701317,东部
3.4063712858919493,12.0,2.310872385044545,西部
3.9518820488093223,10.0,34.14620187720952,西部
3.8960180059849083,15.0,7.617270842549177,东部
3.466392732870988,11.0,1.0927171280467751,西部
3.7455005761360995,19.0,7.708398740040953,西部
4.0324793577325115,19.0,12.217492680333986,西部
3.5568983704241663,10.0,27.494753586756026,西部
3.804277713150798,11.0,25.732470211908943,东部
4.080515061551012,17.0,31.99818708365286,西部
3.353524717093386,11.0,6.556326486943646,东部
3.736565739493129,13.0,22.14103217910901,东部
3.459895986048052,10.0,4.532826402946259,东部
3.302648870353371,9.0,1.184348218474034,西部
3.646791743647018,12.0,18.2028986773812,东部
3.4592783731499552,9.0,11.1477357221787,东部
3.7532782970979817,16.0,14.350435024206025,东部
3.361385729359472,11.0,6.382589733393046,东部
3.757755117509333,16.0,34.355488962927,东部
4.120310432608752,14.0,32.5255257559171,西部
4.173836618782145,20.0,26.802662480807395,西部
4.154260938394229,17.0,10.4704258278232,东部
4.229766919150653,11.0,29.86478809310737,东部
4.483728970498268,14.0,28.782774244453016,东部
3.036250524216319,12.0,0.37858384663075506,西部
3.4288828045267152,14.0,9.540162544127208,东部
4.942051148915862,14.0,33.65865392885224,东部
3.689688369675133,15.0,9.937160983087022,西部
4.296303323286104,11.0,26.110241349630435,东部
3.870836985263309,11.0,13.80087196484193,西部
3.5598244031096913,14.0,24.291636935271324,西部
3.972685002495526,16.0,16.752692396899267,东部
4.289473460334276,16.0,34.54981874010337,东部
3.3962199856215265,19.0,6.885341842998349,西部
3.9365983316359374,17.0,28.378263051156903,西部
4.749769441094948,20.0,16.97430793290332,西部
3.1749656758012574,12.0,7.811332144710744,西部
4.024423480507565,14.0,20.06880801367139,东部
3.7866024051434612,16.0,3.665963769543224,东部
3.4752475943444976,12.0,3.624901726955827,西部
3.3472692247091946,9.0,25.035294989810673,东部
2.4108207813488995,9.0,1.3629565240710395,东部
3.858372178128382,12.0,30.58006203100291,西部
3.6952088340475986,15.0,18.862639068137348,西部
3.8416822946188565,16.0,0.8822047968409119,西部
3.953834494430339,16.0,13.981441231425723,东部
4.217017509983321,15.0,23.345584812908875,西部
4.185664828562886,20.0,0.4650591436904483,西部
4.351220671859958,20.0,29.762708561443468,东部
3.936956260707246,17.0,27.068516724683445,西部
4.191043320080893,11.0,31.78371306409013,西部
3.5328619190985773,18.0,11.831493834047972,东部
4.040559233392379,15.0,27.87995217750614,西部
3.985358069639464,16.0,10.773741149416871,西部
3.3799811956919927,9.0,26.382762254582712,东部
4.701353325805299,17.0,28.48718457676473,东部
4.0031875227193225,15.0,1.689457087221336,东部
3.880843400324485,9.0,16.9917030419312,东部
4.217538760349262,14.0,26.860213077432807,西部
3.4874203425870447,9.0,5.340054630114771,西部
3.83032249318587,10.0,25.06998511849076,西部
3.4424951621061055,10.0,22.16388151082592,西部
3.9565082970535332,10.0,32.74300522013566,西部
3.8725372072434183,13.0,27.578519792986057,东部
4.556553387094666,13.0,14.103772466185212,西部
3.7726201930859906,18.0,9.62200568243165,西部
3.5540197852814877,18.0,14.015648394188494,东部
4.166060741567919,18.0,9.319363520482641,西部
3.776844598360425,17.0,24.629710179408324,西部
4.346949977595128,13.0,33.982876070426286,东部
4.258762621901432,13.0,29.357713778207216,东部
4.097220661187121,19.0,26.124357029139144,西部
3.7597048162497746,13.0,7.514196243771621,东部
4.373246830754774,19.0,32.16247141881098,西部
4.609170231452498,18.0,14.723602690112866,东部
3.92730064269968,13.0,5.547488786245006,东部
3.7236061498488184,9.0,14.291922235930963,东部
4.088953064653134,14.0,32.059052830723054,东部
4.859647950119215,18.0,31.93799785583491,东部
4.492401648801134,19.0,34.20221300415228,西部
3.619539549438438,15.0,6.524570388241313,西部
4.298628457520238,12.0,26.36400763157042,西部
4.068773881078666,14.0,29.129931069245632,西部
4.229937499128137,17.0,14.07087649379098,西部
3.059708691177123,9.0,11.382976299830693,东部
3.475716003435069,17.0,10.355594313242507,西部
4.043927569620095,14.0,24.45397495697522,西部
3.4936480402279333,13.0,6.463151189549141,东部
3.2037566111146174,9.0,27.812157504042926,东部
3.897801379254009,14.0,21.193534473514486,西部
3.669407167327322,11.0,10.978708140817117,西部
3.868540926815094,9.0,10.82177763863502,西部
4.0253540071480565,19.0,17.974979093801938,西部
4.290309386723082,18.0,25.152534765263255,西部
4.283657374368641,20.0,15.981578428496542,东部
3.081982896548467,10.0,,西部
4.191963650391588,13.0,20.671922040428832,西部
4.359489242412848,20.0,8.91787509413162,西部
3.5137672973420973,17.0,12.34109719302928,西部
3.4810465289722745,12.0,17.871319537008464,西部
4.2135539118937375,16.0,21.929193338954676,东部
3.8372231278831,12.0,10.448597720334659,东部
3.9669733060011523,12.0,30.802722357789776,东部
4.156111257025135,16.0,22.40572259610765,东部
3.7688091257251735,12.0,21.923767041438065,西部
3.7397778234722674,11.0,31.295479236730227,东部
3.3713196724731067,14.0,8.740106061530815,西部
4.2641010597163485,12.0,31.77583558127757,西部
4.093359011132888,14.0,7.330030360115986,西部
2.844563332822308,9.0,1.1537242393436686,东部
2.814208811922953,9.0,3.443608123968577,东部
2.9422247114824978,10.0,17.601151503249156,西部
4.230722690272501,16.0,18.962334760461765,西部
4.798324653770765,11.0,21.833456217930735,东部
4.156476589428876,15.0,30.003861532853904,东部
3.781680760382963,10.0,26.191314064686367,东部
4.30015107958017,17.0,28.810803328438578,西部
3.966724502552992,13.0,30.560641751655055,东部
3.7989843598998436,18.0,12.586841960773636,西部
3.602359496454299,14.0,30.481723682624626,西部
3.894300105270713,12.0,32.38188228966783,西部
3.1034346456727677,9.0,28.16617055406062,西部
3.646770112003466,16.0,1.6102712939640795,西部
3.0764977654423546,10.0,11.552526521387998,西部
3.5992115712163777,17.0,13.923447521385082,东部
3.4593277994828204,16.0,1.6898915125968361,西部
4.183882614269197,20.0,23.26238067400554,东部
3.433173845775923,10.0,18.995945438701536,东部
4.069277385963774,12.0,12.110461014975652,东部
3.8515137130124772,13.0,27.609680718166953,西部
4.125583104818874,16.0,31.383687626091664,西部
3.638770171451509,10.0,28.366595379502673,东部
4.1197035015384085,17.0,13.402098583930385,东部
3.4366367850724626,11.0,6.430205387887125,西部
2.9205166630823656,16.0,2.307846334370818,西部
4.478880172794572,19.0,25.830183567894185,西部
2.9960763194315554,11.0,19.653272753065426,东部
3.517014166716426,15.0,22.998204364850647,西部
3.8549505961273574,20.0,11.000652009733132,东部
4.049029702753183,11.0,13.947740369879305,东部
4.649629059004902,15.0,29.35480119534981,西部
4.241480165943656,15.0,31.625071885860827,东部
4.42215302114837,14.0,27.929122756543688,西部
3.918767121338013,11.0,27.04679250942775,西部
4.092211713391793,12.0,24.37694789178888,东部
4.21989359097565,13.0,16.157936678221326,西部
3.6926105730773613,11.0,21.10666961912577,东部
3.471173598220528,11.0,6.897329728921496,东部
4.087203320787689,16.0,16.921796786993173,西部
3.8825131188948236,10.0,26.232454342843628,西部
3.514955877623971,15.0,1.8060353796497512,西部
2.9849594555174526,11.0,20.064754859931103,西部
2.8532644005937855,9.0,13.115423410748653,西部
3.7148735215492823,14.0,5.182900661880711,东部
3.6751839870347687,18.0,9.38092783408569,西部
4.217272529490389,12.0,34.014386026313026,东部
3.9797519814413578,15.0,32.233036305506495,西部
4.189945468963203,16.0,11.242281757414041,西部
3.3677017059935226,18.0,4.446732342645277,东部
3.135082324166331,10.0,14.156449710750179,西部
3.3589833293703704,12.0,3.2797816004087217,东部
3.9414706837848437,14.0,25.27761688080845,西部
2.845595588479291,9.0,7.2372200408437095,东部
2.886260003852671,9.0,0.5113709252938797,西部
3.4964857777534206,11.0,23.424375166525575,西部
3.8760616885860038,19.0,25.31401121323453,西部
4.220642890378421,18.0,22.06833291303644,西部
3.7636303389813177,15.0,18.14944161114071,西部
3.138171950329088,9.0,13.445816324506112,西部
4.588187356919151,20.0,12.32844707909113,东部
4.166940145600842,11.0,32.51142388737518,西部
3.246752171174163,16.0,1.1962283135581124,西部
4.103857259492062,18.0,20.23106173967874,西部
3.8404599603782796,15.0,4.2978704741856895,东部
3.8741296072525464,17.0,15.34408398564942,东部
4.9148603485169415,18.0,26.253116222287716,东部
2.961834323498331,9.0,8.780599628885389,东部
4.144775624445674,15.0,9.73406016491319,东部
4.654366892009866,20.0,21.821466358091584,东部
4.6593156044302315,19.0,13.02212877177424,西部
3.096895502866738,11.0,1.174726858398678,西部
3.3565526499966802,14.0,1.4369188578688763,东部
4.0515256107376105,11.0,30.464996956555847,西部
3.784067824309682,20.0,17.24959151769984,西部
3.0104196444741573,9.0,4.648887559213363,东部
4.791081181093257,16.0,33.41428322434176,东部
3.7567444741218194,14.0,23.649118009498356,西部
3.9226147677378718,20.0,5.058117403086336,东部
3.8223339012163873,15.0,22.288364695952612,西部
3.33864988332569,9.0,34.51597984666064,西部
3.9076120970971266,13.0,18.622002962285137,东部
3.5368558361617084,15.0,10.104102693997792,西部
3.804590291958032,11.0,31.78877419583744,东部
3.9015326788484685,12.0,17.846268695788048,东部
4.450841735247958,19.0,30.780687591950574,东部
2.978241133175015,12.0,1.0326132878840326,东部
3.5882165282573673,13.0,26.05449077928926,西部
3.7824479631951315,17.0,10.109829548865594,东部
4.402024048149723,18.0,3.090815126959747,东部
4.0951868142739505,11.0,20.25483119817529,东部
3.4094122214800047,9.0,25.145302473382177,东部
4.672179908292921,16.0,21.645899351447078,东部
3.538164641755424,10.0,1.1209437046025417,东部
3.4944559193353397,13.0,3.435704388038639,西部
3.980920219434511,18.0,14.9871535495886,东部
3.9097562168435216,9.0,19.718028549306098,东部
3.543256915578723,10.0,13.104962657703517,西部
3.205062489041164,13.0,3.020762035693008,西部
3.39990595610056,15.0,0.7727967234759642,西部
3.786126430681183,11.0,28.722755735334363,东部
3.536530754088623,12.0,20.67838878883654,东部
3.7768155143992317,16.0,13.258460794917946,西部
