month,y,x
2010-01,0.0,-0.8566769933216325
2010-02,-0.4870797229651799,-0.38945406739034066
2010-03,0.41237684303972966,2.0452091959946626
2010-04,-0.16822484719449832,0.2545008385550265
2010-05,-0.9126943337349778,-2.4577656513177244
2010-06,0.5108045429902917,0.2096511610501857
2010-07,0.37511554212045767,-1.2176612056339933
2010-08,0.26677161928945003,-1.3822793253387906
2010-09,-0.6709311721116509,0.0646565606152872
2010-10,-1.1702547177980307,-1.1835935312547137
2010-11,-0.6410592498489303,1.4677687404672233
2010-12,-0.28789003709400834,0.4982438042405975
2011-01,-0.36680022290548725,-0.5328089305216501
2011-02,-0.23041035827551615,0.3058427623254541
2011-03,0.29514074189128364,1.0467458778617105
2011-04,0.7638154978421685,0.4435203442826742
2011-05,0.5995274046720973,-0.5229480717503758
2011-06,0.8179922036924243,0.2749022186096138
2011-07,0.9449214692441905,0.8664541724898969
2011-08,0.14479905893627504,-0.12365672106870652
2011-09,-0.335080607178162,0.6589014594544359
2011-10,-0.648566036547696,-0.276488123746563
2011-11,-1.2719708356673882,-0.27634693042415004
2011-12,-0.5140181775817818,-0.14067989008239792
2012-01,-1.0237541938911972,0.10911478606269238
2012-02,0.7145727502630381,-0.44579306705339
2012-03,1.4946196422111058,0.21086085540520877
2012-04,0.1416355278931154,-0.2555475226255022
2012-05,-0.5059681610059218,-0.6285918092630552
2012-06,-0.4461350732959778,-1.2622172017260171
2012-07,-1.5132181631279658,-1.2868176587458615
2012-08,-1.3475742932655141,-0.7183370355205281
2012-09,-1.6781281025754098,-1.1992217621683792
2012-10,-0.7407398320678209,-0.23768346009791025
2012-11,-1.5210583492652037,-0.9147053278998281
2012-12,-2.4908828999631885,-1.5520232469876292
2013-01,-0.9370375774811354,0.25860305550522106
2013-02,-1.0646410329615752,1.5839392486494857
2013-03,0.5093283136423015,-0.9382201939886419
2013-04,-0.2211441975884133,0.2696439915632604
2013-05,0.6064384915080097,1.180109687490335
2013-06,1.7096510871032098,0.13653590911627717
2013-07,1.506806619926937,1.5306274510104885
2013-08,-0.026621163944022586,-0.6572319944322429
2013-09,0.3592338707750003,-0.1427547700323286
2013-10,-0.602342774242009,-1.2844551237291233
2013-11,-0.5161117300726166,-0.8083237550469733
2013-12,-1.2599656186742934,-1.1285586521169522
2014-01,0.000718893826317013,1.3941133234792713
2014-02,-2.0592030613184793,-1.8779822487885793
2014-03,-0.27360289665854565,0.7887775930327738
2014-04,1.0508208909947645,1.2896589620762569
2014-05,0.7026544259520846,0.7206314600607825
2014-06,1.013314572255485,1.159760330371752
2014-07,-0.8548967634934904,-1.3077944642014938
2014-08,-0.5498172755960167,0.654009860296794
2014-09,-0.7396952828686306,0.9546103585801131
2014-10,-0.7068657450767687,0.00618811867512089
2014-11,0.8961652785447027,-1.1863532200020608
2014-12,0.5693366690195125,0.29207858043605095
2015-01,-0.20775761938377113,1.8242887030565893
2015-02,-1.630259750031021,-0.5216825195329922
2015-03,-1.0689653995059425,-1.3421204002258702
2015-04,-1.0389116861060899,-1.002494551256518
2015-05,0.055723447978099805,0.12076141855546897
2015-06,-1.153716537795917,0.16531779649824668
2015-07,-0.5581337968389294,1.8541528353930081
2015-08,-0.7391556671851927,-1.2006158206623756
2015-09,0.43753752684599934,1.3317060965689649
2015-10,0.06297873754488548,-0.44784645573831355
2015-11,0.6261408267464548,2.2744217092314245
2015-12,1.3064134219923575,1.8379937013758922
2016-01,-0.1770339125702305,0.0054528754724005694
2016-02,-0.28220603370897634,-0.7315550713560983
2016-03,-0.5423191029971137,-0.12348627789514395
2016-04,-1.1402959723384642,-0.0999186202625654
2016-05,-1.8491693639646236,-1.0041408836710983
2016-06,-1.1231398365536691,-0.8817175431524203
2016-07,-1.1494325915298025,0.062254151665770294
2016-08,-0.9585351078187866,0.09936953910140704
2016-09,-0.29450886635753815,0.6755492317293316
2016-10,-0.15530708735691734,-1.85917868320222
2016-11,0.27424517273360716,0.14091494934832255
2016-12,-1.1961573415160347,-0.9277270692381676
2017-01,-0.9755397381050984,-0.19424472683616464
2017-02,-0.6712069203161488,0.11158217317568793
2017-03,-0.015328062733302561,0.06736605103458178
2017-04,-0.8785002679650415,-2.4846686180626967
2017-05,-0.17341153941635146,-0.08099977620730234
2017-06,-0.5480683462345288,-1.0832001057315688
2017-07,0.6329337840005697,0.28636072248976413
2017-08,1.0748055816889275,1.4799749149961332
2017-09,0.2666987683162084,0.904516484550679
2017-10,1.3678333843447281,-0.22363085513398012
2017-11,0.9373232199139018,0.20789953955979867
2017-12,-0.5698467369418025,0.06956952114270713
2018-01,-0.8040831794727084,-0.15839988299748678
2018-02,-0.5290823208150361,-0.6167811799876352
2018-03,-0.9489079806482329,0.6344194262197818
2018-04,-0.3186022545808236,0.8966780527050557
2018-05,-0.7713083213566514,-1.349343347157209
2018-06,0.142095488597077,1.904207727220925
2018-07,0.31822359051145865,1.5408532378094564
2018-08,0.9713459673595218,0.9278679126771195
2018-09,0.5506147529080884,-0.0030872463050328394
2018-10,0.6401243513331617,0.9984532757054491
2018-11,0.3790979819118929,0.926606687576746
2018-12,0.4088472918612844,-0.1861158628103823
2019-01,-0.2863811731115263,-0.2825292665529386
2019-02,0.2240481927358205,1.6950902715146867
2019-03,0.6249948173706817,0.028914942966406572
2019-04,0.2025361337851307,1.4830078533599134
2019-05,0.06612903290519068,-1.3129834225883519
2019-06,0.1699383626024661,-1.1031247502042327
2019-07,0.12851390869887114,-1.5003929437796482
2019-08,-0.43336421150284793,0.07660232736766995
2019-09,-0.9532214303053612,-0.15568177598112684
2019-10,-1.1559898815462102,-1.745999348698831
2019-11,-0.44400818064053366,1.185517039446309
2019-12,-0.05340335656295149,0.8016526755315462
